INSERT INTO ia14 (fecha, ccaa_id,media) VALUES ('12-03-2021',2,166 );
INSERT INTO ia7 (fecha, ccaa_id,media) VALUES ('12-03-2021',2,28 );
INSERT INTO muertos (fecha,ccaa_id,numero)VALUES ('12-03-2021',2,53 );
INSERT INTO casos (fecha,ccaa_id,numero)VALUES ('12-03-2021',2,129 );
INSERT INTO ia14 (fecha, ccaa_id,media) VALUES ('11-03-2021',2,169 );
INSERT INTO ia7 (fecha, ccaa_id,media) VALUES ('11-03-2021',2,72 );
INSERT INTO muertos (fecha,ccaa_id,numero)VALUES ('11-03-2021',2,46 );
INSERT INTO casos (fecha,ccaa_id,numero)VALUES ('11-03-2021',2,160 );
INSERT INTO ia14 (fecha, ccaa_id,media) VALUES ('10-03-2021',2,172 );
INSERT INTO ia7 (fecha, ccaa_id,media) VALUES ('10-03-2021',2,26 );
INSERT INTO muertos (fecha,ccaa_id,numero)VALUES ('10-03-2021',2,34 );
INSERT INTO casos (fecha,ccaa_id,numero)VALUES ('10-03-2021',2,167 );
INSERT INTO ia14 (fecha, ccaa_id,media) VALUES ('09-03-2021',2,185 );
INSERT INTO ia7 (fecha, ccaa_id,media) VALUES ('09-03-2021',2,92 );
INSERT INTO muertos (fecha,ccaa_id,numero)VALUES ('09-03-2021',2,0 );
INSERT INTO casos (fecha,ccaa_id,numero)VALUES ('09-03-2021',2, );
INSERT INTO ia14 (fecha, ccaa_id,media) VALUES ('08-03-2021',2,185 );
INSERT INTO ia7 (fecha, ccaa_id,media) VALUES ('08-03-2021',2,92 );
INSERT INTO muertos (fecha,ccaa_id,numero)VALUES ('08-03-2021',2,91 );
INSERT INTO casos (fecha,ccaa_id,numero)VALUES ('08-03-2021',2,90 );
INSERT INTO ia14 (fecha, ccaa_id,media) VALUES ('05-03-2021',2,191 );
INSERT INTO ia7 (fecha, ccaa_id,media) VALUES ('05-03-2021',2,36 );
INSERT INTO muertos (fecha,ccaa_id,numero)VALUES ('05-03-2021',2,468 );
INSERT INTO casos (fecha,ccaa_id,numero)VALUES ('05-03-2021',2,122 );
INSERT INTO ia14 (fecha, ccaa_id,media) VALUES ('04-03-2021',2,196 );
INSERT INTO ia7 (fecha, ccaa_id,media) VALUES ('04-03-2021',2,91 );
INSERT INTO muertos (fecha,ccaa_id,numero)VALUES ('04-03-2021',2,78 );
INSERT INTO casos (fecha,ccaa_id,numero)VALUES ('04-03-2021',2,138 );
INSERT INTO ia14 (fecha, ccaa_id,media) VALUES ('03-03-2021',2,199 );
INSERT INTO ia7 (fecha, ccaa_id,media) VALUES ('03-03-2021',2,28 );
INSERT INTO muertos (fecha,ccaa_id,numero)VALUES ('03-03-2021',2,169 );
INSERT INTO casos (fecha,ccaa_id,numero)VALUES ('03-03-2021',2,196 );
INSERT INTO ia14 (fecha, ccaa_id,media) VALUES ('02-03-2021',2,202 );
INSERT INTO ia7 (fecha, ccaa_id,media) VALUES ('02-03-2021',2,85 );
INSERT INTO muertos (fecha,ccaa_id,numero)VALUES ('02-03-2021',2,-78 );
INSERT INTO casos (fecha,ccaa_id,numero)VALUES ('02-03-2021',2,107 );
INSERT INTO ia14 (fecha, ccaa_id,media) VALUES ('01-03-2021',2,207 );
INSERT INTO ia7 (fecha, ccaa_id,media) VALUES ('01-03-2021',2,90 );
INSERT INTO muertos (fecha,ccaa_id,numero)VALUES ('01-03-2021',2,155 );
INSERT INTO casos (fecha,ccaa_id,numero)VALUES ('01-03-2021',2,0 );
INSERT INTO ia14 (fecha, ccaa_id,media) VALUES ('26-02-2021',2,215 );
INSERT INTO ia7 (fecha, ccaa_id,media) VALUES ('26-02-2021',2,0 );
INSERT INTO muertos (fecha,ccaa_id,numero)VALUES ('26-02-2021',2,81 );
INSERT INTO casos (fecha,ccaa_id,numero)VALUES ('26-02-2021',2,101 );
INSERT INTO ia14 (fecha, ccaa_id,media) VALUES ('25-02-2021',2,219 );
INSERT INTO ia7 (fecha, ccaa_id,media) VALUES ('25-02-2021',2,34 );
INSERT INTO muertos (fecha,ccaa_id,numero)VALUES ('25-02-2021',2,78 );
INSERT INTO casos (fecha,ccaa_id,numero)VALUES ('25-02-2021',2,150 );
INSERT INTO ia14 (fecha, ccaa_id,media) VALUES ('24-02-2021',2,217 );
INSERT INTO ia7 (fecha, ccaa_id,media) VALUES ('24-02-2021',2,9 );
INSERT INTO muertos (fecha,ccaa_id,numero)VALUES ('24-02-2021',2,93 );
INSERT INTO casos (fecha,ccaa_id,numero)VALUES ('24-02-2021',2,207 );
INSERT INTO ia14 (fecha, ccaa_id,media) VALUES ('23-02-2021',2,227 );
INSERT INTO ia7 (fecha, ccaa_id,media) VALUES ('23-02-2021',2,58 );
INSERT INTO muertos (fecha,ccaa_id,numero)VALUES ('23-02-2021',2,97 );
INSERT INTO casos (fecha,ccaa_id,numero)VALUES ('23-02-2021',2,114 );
INSERT INTO ia14 (fecha, ccaa_id,media) VALUES ('22-02-2021',2,242 );
INSERT INTO ia7 (fecha, ccaa_id,media) VALUES ('22-02-2021',2,98 );
INSERT INTO muertos (fecha,ccaa_id,numero)VALUES ('22-02-2021',2,90 );
INSERT INTO casos (fecha,ccaa_id,numero)VALUES ('22-02-2021',2,74 );
INSERT INTO ia14 (fecha, ccaa_id,media) VALUES ('19-02-2021',2,251 );
INSERT INTO ia7 (fecha, ccaa_id,media) VALUES ('19-02-2021',2,86 );
INSERT INTO muertos (fecha,ccaa_id,numero)VALUES ('19-02-2021',2,47 );
INSERT INTO casos (fecha,ccaa_id,numero)VALUES ('19-02-2021',2,209 );
INSERT INTO ia14 (fecha, ccaa_id,media) VALUES ('18-02-2021',2,263 );
INSERT INTO ia7 (fecha, ccaa_id,media) VALUES ('18-02-2021',2,3 );
INSERT INTO muertos (fecha,ccaa_id,numero)VALUES ('18-02-2021',2,60 );
INSERT INTO casos (fecha,ccaa_id,numero)VALUES ('18-02-2021',2,154 );
INSERT INTO ia14 (fecha, ccaa_id,media) VALUES ('17-02-2021',2,265 );
INSERT INTO ia7 (fecha, ccaa_id,media) VALUES ('17-02-2021',2,36 );
INSERT INTO muertos (fecha,ccaa_id,numero)VALUES ('17-02-2021',2,51 );
INSERT INTO casos (fecha,ccaa_id,numero)VALUES ('17-02-2021',2,201 );
INSERT INTO ia14 (fecha, ccaa_id,media) VALUES ('16-02-2021',2,291 );
INSERT INTO ia7 (fecha, ccaa_id,media) VALUES ('16-02-2021',2,71 );
INSERT INTO muertos (fecha,ccaa_id,numero)VALUES ('16-02-2021',2,38 );
INSERT INTO casos (fecha,ccaa_id,numero)VALUES ('16-02-2021',2,110 );
INSERT INTO ia14 (fecha, ccaa_id,media) VALUES ('15-02-2021',2,325 );
INSERT INTO ia7 (fecha, ccaa_id,media) VALUES ('15-02-2021',2,45 );
INSERT INTO muertos (fecha,ccaa_id,numero)VALUES ('15-02-2021',2,62 );
INSERT INTO casos (fecha,ccaa_id,numero)VALUES ('15-02-2021',2,50 );
INSERT INTO ia14 (fecha, ccaa_id,media) VALUES ('12-02-2021',2,344 );
INSERT INTO ia7 (fecha, ccaa_id,media) VALUES ('12-02-2021',2,84 );
INSERT INTO muertos (fecha,ccaa_id,numero)VALUES ('12-02-2021',2,87 );
INSERT INTO casos (fecha,ccaa_id,numero)VALUES ('12-02-2021',2,126 );
INSERT INTO ia14 (fecha, ccaa_id,media) VALUES ('11-02-2021',2,375 );
INSERT INTO ia7 (fecha, ccaa_id,media) VALUES ('11-02-2021',2,25 );
INSERT INTO muertos (fecha,ccaa_id,numero)VALUES ('11-02-2021',2,55 );
INSERT INTO casos (fecha,ccaa_id,numero)VALUES ('11-02-2021',2,793 );
INSERT INTO ia14 (fecha, ccaa_id,media) VALUES ('10-02-2021',2,391 );
INSERT INTO ia7 (fecha, ccaa_id,media) VALUES ('10-02-2021',2,68 );
INSERT INTO muertos (fecha,ccaa_id,numero)VALUES ('10-02-2021',2,64 );
INSERT INTO casos (fecha,ccaa_id,numero)VALUES ('10-02-2021',2,1043 );
INSERT INTO ia14 (fecha, ccaa_id,media) VALUES ('09-02-2021',2,414 );
INSERT INTO ia7 (fecha, ccaa_id,media) VALUES ('09-02-2021',2,57 );
INSERT INTO muertos (fecha,ccaa_id,numero)VALUES ('09-02-2021',2,48 );
INSERT INTO casos (fecha,ccaa_id,numero)VALUES ('09-02-2021',2,1381 );
INSERT INTO ia14 (fecha, ccaa_id,media) VALUES ('08-02-2021',2,445 );
INSERT INTO ia7 (fecha, ccaa_id,media) VALUES ('08-02-2021',2,24 );
INSERT INTO muertos (fecha,ccaa_id,numero)VALUES ('08-02-2021',2,101 );
INSERT INTO casos (fecha,ccaa_id,numero)VALUES ('08-02-2021',2,371 );
INSERT INTO ia14 (fecha, ccaa_id,media) VALUES ('05-02-2021',2,462 );
INSERT INTO ia7 (fecha, ccaa_id,media) VALUES ('05-02-2021',2,92 );
INSERT INTO muertos (fecha,ccaa_id,numero)VALUES ('05-02-2021',2,29 );
INSERT INTO casos (fecha,ccaa_id,numero)VALUES ('05-02-2021',2,1167 );
INSERT INTO ia14 (fecha, ccaa_id,media) VALUES ('04-02-2021',2,477 );
INSERT INTO ia7 (fecha, ccaa_id,media) VALUES ('04-02-2021',2,2 );
INSERT INTO muertos (fecha,ccaa_id,numero)VALUES ('04-02-2021',2,37 );
INSERT INTO casos (fecha,ccaa_id,numero)VALUES ('04-02-2021',2,1232 );
INSERT INTO ia14 (fecha, ccaa_id,media) VALUES ('03-02-2021',2,494 );
INSERT INTO ia7 (fecha, ccaa_id,media) VALUES ('03-02-2021',2,34 );
INSERT INTO muertos (fecha,ccaa_id,numero)VALUES ('03-02-2021',2,15 );
INSERT INTO casos (fecha,ccaa_id,numero)VALUES ('03-02-2021',2,1488 );
INSERT INTO ia14 (fecha, ccaa_id,media) VALUES ('02-02-2021',2,519 );
INSERT INTO ia7 (fecha, ccaa_id,media) VALUES ('02-02-2021',2,86 );
INSERT INTO muertos (fecha,ccaa_id,numero)VALUES ('02-02-2021',2,19 );
INSERT INTO casos (fecha,ccaa_id,numero)VALUES ('02-02-2021',2,1757 );
INSERT INTO ia14 (fecha, ccaa_id,media) VALUES ('01-02-2021',2,548 );
INSERT INTO ia7 (fecha, ccaa_id,media) VALUES ('01-02-2021',2,66 );
INSERT INTO muertos (fecha,ccaa_id,numero)VALUES ('01-02-2021',2,19 );
INSERT INTO casos (fecha,ccaa_id,numero)VALUES ('01-02-2021',2,509 );
INSERT INTO ia14 (fecha, ccaa_id,media) VALUES ('29-01-2021',2,564 );
INSERT INTO ia7 (fecha, ccaa_id,media) VALUES ('29-01-2021',2,22 );
INSERT INTO muertos (fecha,ccaa_id,numero)VALUES ('29-01-2021',2,18 );
INSERT INTO casos (fecha,ccaa_id,numero)VALUES ('29-01-2021',2,1694 );
INSERT INTO ia14 (fecha, ccaa_id,media) VALUES ('28-01-2021',2,573 );
INSERT INTO ia7 (fecha, ccaa_id,media) VALUES ('28-01-2021',2,47 );
INSERT INTO muertos (fecha,ccaa_id,numero)VALUES ('28-01-2021',2,27 );
INSERT INTO casos (fecha,ccaa_id,numero)VALUES ('28-01-2021',2,1720 );
INSERT INTO ia14 (fecha, ccaa_id,media) VALUES ('27-01-2021',2,589 );
INSERT INTO ia7 (fecha, ccaa_id,media) VALUES ('27-01-2021',2,70 );
INSERT INTO muertos (fecha,ccaa_id,numero)VALUES ('27-01-2021',2,44 );
INSERT INTO casos (fecha,ccaa_id,numero)VALUES ('27-01-2021',2,2091 );
INSERT INTO ia14 (fecha, ccaa_id,media) VALUES ('26-01-2021',2,613 );
INSERT INTO ia7 (fecha, ccaa_id,media) VALUES ('26-01-2021',2,94 );
INSERT INTO muertos (fecha,ccaa_id,numero)VALUES ('26-01-2021',2,49 );
INSERT INTO casos (fecha,ccaa_id,numero)VALUES ('26-01-2021',2,2598 );
INSERT INTO ia14 (fecha, ccaa_id,media) VALUES ('25-01-2021',2,639 );
INSERT INTO ia7 (fecha, ccaa_id,media) VALUES ('25-01-2021',2,67 );
INSERT INTO muertos (fecha,ccaa_id,numero)VALUES ('25-01-2021',2,30 );
INSERT INTO casos (fecha,ccaa_id,numero)VALUES ('25-01-2021',2,801 );
INSERT INTO ia14 (fecha, ccaa_id,media) VALUES ('22-01-2021',2,647 );
INSERT INTO ia7 (fecha, ccaa_id,media) VALUES ('22-01-2021',2,3 );
INSERT INTO muertos (fecha,ccaa_id,numero)VALUES ('22-01-2021',2,51 );
INSERT INTO casos (fecha,ccaa_id,numero)VALUES ('22-01-2021',2,2152 );
INSERT INTO ia14 (fecha, ccaa_id,media) VALUES ('21-01-2021',2,653 );
INSERT INTO ia7 (fecha, ccaa_id,media) VALUES ('21-01-2021',2,88 );
INSERT INTO muertos (fecha,ccaa_id,numero)VALUES ('21-01-2021',2,26 );
INSERT INTO casos (fecha,ccaa_id,numero)VALUES ('21-01-2021',2,2344 );
INSERT INTO ia14 (fecha, ccaa_id,media) VALUES ('20-01-2021',2,615 );
INSERT INTO ia7 (fecha, ccaa_id,media) VALUES ('20-01-2021',2,81 );
INSERT INTO muertos (fecha,ccaa_id,numero)VALUES ('20-01-2021',2,40 );
INSERT INTO casos (fecha,ccaa_id,numero)VALUES ('20-01-2021',2,2550 );
INSERT INTO ia14 (fecha, ccaa_id,media) VALUES ('19-01-2021',2,624 );
INSERT INTO ia7 (fecha, ccaa_id,media) VALUES ('19-01-2021',2,43 );
INSERT INTO muertos (fecha,ccaa_id,numero)VALUES ('19-01-2021',2,71 );
INSERT INTO casos (fecha,ccaa_id,numero)VALUES ('19-01-2021',2,2774 );
INSERT INTO ia14 (fecha, ccaa_id,media) VALUES ('18-01-2021',2,631 );
INSERT INTO ia7 (fecha, ccaa_id,media) VALUES ('18-01-2021',2,20 );
INSERT INTO muertos (fecha,ccaa_id,numero)VALUES ('18-01-2021',2,64 );
INSERT INTO casos (fecha,ccaa_id,numero)VALUES ('18-01-2021',2,816 );
INSERT INTO ia14 (fecha, ccaa_id,media) VALUES ('15-01-2021',2,561 );
INSERT INTO ia7 (fecha, ccaa_id,media) VALUES ('15-01-2021',2,0 );
INSERT INTO muertos (fecha,ccaa_id,numero)VALUES ('15-01-2021',2,29 );
INSERT INTO casos (fecha,ccaa_id,numero)VALUES ('15-01-2021',2,2192 );
INSERT INTO ia14 (fecha, ccaa_id,media) VALUES ('14-01-2021',2,532 );
INSERT INTO ia7 (fecha, ccaa_id,media) VALUES ('14-01-2021',2,44 );
INSERT INTO muertos (fecha,ccaa_id,numero)VALUES ('14-01-2021',2,43 );
INSERT INTO casos (fecha,ccaa_id,numero)VALUES ('14-01-2021',2,2288 );
INSERT INTO ia14 (fecha, ccaa_id,media) VALUES ('13-01-2021',2,527 );
INSERT INTO ia7 (fecha, ccaa_id,media) VALUES ('13-01-2021',2,26 );
INSERT INTO muertos (fecha,ccaa_id,numero)VALUES ('13-01-2021',2,22 );
INSERT INTO casos (fecha,ccaa_id,numero)VALUES ('13-01-2021',2,2897 );
INSERT INTO ia14 (fecha, ccaa_id,media) VALUES ('12-01-2021',2,523 );
INSERT INTO ia7 (fecha, ccaa_id,media) VALUES ('12-01-2021',2,95 );
INSERT INTO muertos (fecha,ccaa_id,numero)VALUES ('12-01-2021',2,27 );
INSERT INTO casos (fecha,ccaa_id,numero)VALUES ('12-01-2021',2,3441 );
INSERT INTO ia14 (fecha, ccaa_id,media) VALUES ('11-01-2021',2,524 );
INSERT INTO ia7 (fecha, ccaa_id,media) VALUES ('11-01-2021',2,0 );
INSERT INTO muertos (fecha,ccaa_id,numero)VALUES ('11-01-2021',2,35 );
INSERT INTO casos (fecha,ccaa_id,numero)VALUES ('11-01-2021',2,996 );
INSERT INTO ia14 (fecha, ccaa_id,media) VALUES ('08-01-2021',2,434 );
INSERT INTO ia7 (fecha, ccaa_id,media) VALUES ('08-01-2021',2,88 );
INSERT INTO muertos (fecha,ccaa_id,numero)VALUES ('08-01-2021',2,31 );
INSERT INTO casos (fecha,ccaa_id,numero)VALUES ('08-01-2021',2,2943 );
INSERT INTO ia14 (fecha, ccaa_id,media) VALUES ('07-01-2021',2,411 );
INSERT INTO ia7 (fecha, ccaa_id,media) VALUES ('07-01-2021',2,47 );
INSERT INTO muertos (fecha,ccaa_id,numero)VALUES ('07-01-2021',2,22 );
INSERT INTO casos (fecha,ccaa_id,numero)VALUES ('07-01-2021',2,794 );
INSERT INTO ia14 (fecha, ccaa_id,media) VALUES ('05-01-2021',2,373 );
INSERT INTO ia7 (fecha, ccaa_id,media) VALUES ('05-01-2021',2,25 );
INSERT INTO muertos (fecha,ccaa_id,numero)VALUES ('05-01-2021',2,42 );
INSERT INTO casos (fecha,ccaa_id,numero)VALUES ('05-01-2021',2,3029 );
INSERT INTO ia14 (fecha, ccaa_id,media) VALUES ('04-01-2021',2,337 );
INSERT INTO ia7 (fecha, ccaa_id,media) VALUES ('04-01-2021',2,40 );
INSERT INTO muertos (fecha,ccaa_id,numero)VALUES ('04-01-2021',2,10 );
INSERT INTO casos (fecha,ccaa_id,numero)VALUES ('04-01-2021',2,836 );
INSERT INTO ia14 (fecha, ccaa_id,media) VALUES ('31-12-2020',2,369 );
INSERT INTO ia7 (fecha, ccaa_id,media) VALUES ('31-12-2020',2,7 );
INSERT INTO muertos (fecha,ccaa_id,numero)VALUES ('31-12-2020',2,34 );
INSERT INTO casos (fecha,ccaa_id,numero)VALUES ('31-12-2020',2,2375 );
INSERT INTO ia14 (fecha, ccaa_id,media) VALUES ('30-12-2020',2,349 );
INSERT INTO ia7 (fecha, ccaa_id,media) VALUES ('30-12-2020',2,48 );
INSERT INTO muertos (fecha,ccaa_id,numero)VALUES ('30-12-2020',2,26 );
INSERT INTO casos (fecha,ccaa_id,numero)VALUES ('30-12-2020',2,2573 );
INSERT INTO ia14 (fecha, ccaa_id,media) VALUES ('29-12-2020',2,330 );
INSERT INTO ia7 (fecha, ccaa_id,media) VALUES ('29-12-2020',2,79 );
INSERT INTO muertos (fecha,ccaa_id,numero)VALUES ('29-12-2020',2,14 );
INSERT INTO casos (fecha,ccaa_id,numero)VALUES ('29-12-2020',2,2464 );
INSERT INTO ia14 (fecha, ccaa_id,media) VALUES ('28-12-2020',2,321 );
INSERT INTO ia7 (fecha, ccaa_id,media) VALUES ('28-12-2020',2,75 );
INSERT INTO muertos (fecha,ccaa_id,numero)VALUES ('28-12-2020',2,41 );
INSERT INTO casos (fecha,ccaa_id,numero)VALUES ('28-12-2020',2,563 );
INSERT INTO ia14 (fecha, ccaa_id,media) VALUES ('24-12-2020',2,312 );
INSERT INTO ia7 (fecha, ccaa_id,media) VALUES ('24-12-2020',2,21 );
INSERT INTO muertos (fecha,ccaa_id,numero)VALUES ('24-12-2020',2,21 );
INSERT INTO casos (fecha,ccaa_id,numero)VALUES ('24-12-2020',2,1595 );
INSERT INTO ia14 (fecha, ccaa_id,media) VALUES ('23-12-2020',2,301 );
INSERT INTO ia7 (fecha, ccaa_id,media) VALUES ('23-12-2020',2,44 );
INSERT INTO muertos (fecha,ccaa_id,numero)VALUES ('23-12-2020',2,45 );
INSERT INTO casos (fecha,ccaa_id,numero)VALUES ('23-12-2020',2,1568 );
INSERT INTO ia14 (fecha, ccaa_id,media) VALUES ('22-12-2020',2,275 );
INSERT INTO ia7 (fecha, ccaa_id,media) VALUES ('22-12-2020',2,3 );
INSERT INTO muertos (fecha,ccaa_id,numero)VALUES ('22-12-2020',2,9 );
INSERT INTO casos (fecha,ccaa_id,numero)VALUES ('22-12-2020',2,1830 );
INSERT INTO ia14 (fecha, ccaa_id,media) VALUES ('21-12-2020',2,266 );
INSERT INTO ia7 (fecha, ccaa_id,media) VALUES ('21-12-2020',2,26 );
INSERT INTO muertos (fecha,ccaa_id,numero)VALUES ('21-12-2020',2,22 );
INSERT INTO casos (fecha,ccaa_id,numero)VALUES ('21-12-2020',2,474 );
INSERT INTO ia14 (fecha, ccaa_id,media) VALUES ('18-12-2020',2,234 );
INSERT INTO ia7 (fecha, ccaa_id,media) VALUES ('18-12-2020',2,27 );
INSERT INTO muertos (fecha,ccaa_id,numero)VALUES ('18-12-2020',2,9 );
INSERT INTO casos (fecha,ccaa_id,numero)VALUES ('18-12-2020',2,1200 );
INSERT INTO ia14 (fecha, ccaa_id,media) VALUES ('17-12-2020',2,221 );
INSERT INTO ia7 (fecha, ccaa_id,media) VALUES ('17-12-2020',2,61 );
INSERT INTO muertos (fecha,ccaa_id,numero)VALUES ('17-12-2020',2,27 );
INSERT INTO casos (fecha,ccaa_id,numero)VALUES ('17-12-2020',2,1114 );
INSERT INTO ia14 (fecha, ccaa_id,media) VALUES ('16-12-2020',2,214 );
INSERT INTO ia7 (fecha, ccaa_id,media) VALUES ('16-12-2020',2,96 );
INSERT INTO muertos (fecha,ccaa_id,numero)VALUES ('16-12-2020',2,23 );
INSERT INTO casos (fecha,ccaa_id,numero)VALUES ('16-12-2020',2,1228 );
INSERT INTO ia14 (fecha, ccaa_id,media) VALUES ('15-12-2020',2,209 );
INSERT INTO ia7 (fecha, ccaa_id,media) VALUES ('15-12-2020',2,99 );
INSERT INTO muertos (fecha,ccaa_id,numero)VALUES ('15-12-2020',2,50 );
INSERT INTO casos (fecha,ccaa_id,numero)VALUES ('15-12-2020',2,1476 );
INSERT INTO ia14 (fecha, ccaa_id,media) VALUES ('14-12-2020',2,206 );
INSERT INTO ia7 (fecha, ccaa_id,media) VALUES ('14-12-2020',2,52 );
INSERT INTO muertos (fecha,ccaa_id,numero)VALUES ('14-12-2020',2,72 );
INSERT INTO casos (fecha,ccaa_id,numero)VALUES ('14-12-2020',2,418 );
INSERT INTO ia14 (fecha, ccaa_id,media) VALUES ('11-12-2020',2,191 );
INSERT INTO ia7 (fecha, ccaa_id,media) VALUES ('11-12-2020',2,76 );
INSERT INTO muertos (fecha,ccaa_id,numero)VALUES ('11-12-2020',2,39 );
INSERT INTO casos (fecha,ccaa_id,numero)VALUES ('11-12-2020',2,1043 );
INSERT INTO ia14 (fecha, ccaa_id,media) VALUES ('10-12-2020',2,186 );
INSERT INTO ia7 (fecha, ccaa_id,media) VALUES ('10-12-2020',2,44 );
INSERT INTO muertos (fecha,ccaa_id,numero)VALUES ('10-12-2020',2,8284 );
INSERT INTO casos (fecha,ccaa_id,numero)VALUES ('10-12-2020',2,1137 );
INSERT INTO ia14 (fecha, ccaa_id,media) VALUES ('09-12-2020',2,187 );
INSERT INTO ia7 (fecha, ccaa_id,media) VALUES ('09-12-2020',2,10 );
INSERT INTO muertos (fecha,ccaa_id,numero)VALUES ('09-12-2020',2,0 );
INSERT INTO casos (fecha,ccaa_id,numero)VALUES ('09-12-2020',2,257 );
INSERT INTO ia14 (fecha, ccaa_id,media) VALUES ('07-12-2020',2,205 );
INSERT INTO ia7 (fecha, ccaa_id,media) VALUES ('07-12-2020',2,47 );
INSERT INTO muertos (fecha,ccaa_id,numero)VALUES ('07-12-2020',2, );
INSERT INTO casos (fecha,ccaa_id,numero)VALUES ('07-12-2020',2,206 );
INSERT INTO ia14 (fecha, ccaa_id,media) VALUES ('04-12-2020',2,208 );
INSERT INTO ia7 (fecha, ccaa_id,media) VALUES ('04-12-2020',2,54 );
INSERT INTO muertos (fecha,ccaa_id,numero)VALUES ('04-12-2020',2,24 );
INSERT INTO casos (fecha,ccaa_id,numero)VALUES ('04-12-2020',2,693 );
INSERT INTO ia14 (fecha, ccaa_id,media) VALUES ('03-12-2020',2,213 );
INSERT INTO ia7 (fecha, ccaa_id,media) VALUES ('03-12-2020',2,64 );
INSERT INTO muertos (fecha,ccaa_id,numero)VALUES ('03-12-2020',2,8095 );
INSERT INTO casos (fecha,ccaa_id,numero)VALUES ('03-12-2020',2,744 );
INSERT INTO ia14 (fecha, ccaa_id,media) VALUES ('02-12-2020',2,219 );
INSERT INTO ia7 (fecha, ccaa_id,media) VALUES ('02-12-2020',2,45 );
INSERT INTO muertos (fecha,ccaa_id,numero)VALUES ('02-12-2020',2,-7996 );
INSERT INTO casos (fecha,ccaa_id,numero)VALUES ('02-12-2020',2,788 );
INSERT INTO ia14 (fecha, ccaa_id,media) VALUES ('01-12-2020',2,233 );
INSERT INTO ia7 (fecha, ccaa_id,media) VALUES ('01-12-2020',2,96 );
INSERT INTO muertos (fecha,ccaa_id,numero)VALUES ('01-12-2020',2,92 );
INSERT INTO casos (fecha,ccaa_id,numero)VALUES ('01-12-2020',2,914 );
INSERT INTO ia14 (fecha, ccaa_id,media) VALUES ('30-11-2020',2,248 );
INSERT INTO ia7 (fecha, ccaa_id,media) VALUES ('30-11-2020',2,93 );
INSERT INTO muertos (fecha,ccaa_id,numero)VALUES ('30-11-2020',2,0 );
INSERT INTO casos (fecha,ccaa_id,numero)VALUES ('30-11-2020',2,245 );
INSERT INTO ia14 (fecha, ccaa_id,media) VALUES ('27-11-2020',2,263 );
INSERT INTO ia7 (fecha, ccaa_id,media) VALUES ('27-11-2020',2,99 );
INSERT INTO muertos (fecha,ccaa_id,numero)VALUES ('27-11-2020',2,61 );
INSERT INTO casos (fecha,ccaa_id,numero)VALUES ('27-11-2020',2,598 );
INSERT INTO ia14 (fecha, ccaa_id,media) VALUES ('26-11-2020',2,283 );
INSERT INTO ia7 (fecha, ccaa_id,media) VALUES ('26-11-2020',2,9 );
INSERT INTO muertos (fecha,ccaa_id,numero)VALUES ('26-11-2020',2,57 );
INSERT INTO casos (fecha,ccaa_id,numero)VALUES ('26-11-2020',2,728 );
INSERT INTO ia14 (fecha, ccaa_id,media) VALUES ('25-11-2020',2,299 );
INSERT INTO ia7 (fecha, ccaa_id,media) VALUES ('25-11-2020',2,80 );
INSERT INTO muertos (fecha,ccaa_id,numero)VALUES ('25-11-2020',2,101 );
INSERT INTO casos (fecha,ccaa_id,numero)VALUES ('25-11-2020',2,832 );
INSERT INTO ia14 (fecha, ccaa_id,media) VALUES ('24-11-2020',2,325 );
INSERT INTO ia7 (fecha, ccaa_id,media) VALUES ('24-11-2020',2,18 );
INSERT INTO muertos (fecha,ccaa_id,numero)VALUES ('24-11-2020',2,96 );
INSERT INTO casos (fecha,ccaa_id,numero)VALUES ('24-11-2020',2,954 );
INSERT INTO ia14 (fecha, ccaa_id,media) VALUES ('23-11-2020',2,354 );
INSERT INTO ia7 (fecha, ccaa_id,media) VALUES ('23-11-2020',2,50 );
INSERT INTO muertos (fecha,ccaa_id,numero)VALUES ('23-11-2020',2,101 );
INSERT INTO casos (fecha,ccaa_id,numero)VALUES ('23-11-2020',2,275 );
INSERT INTO ia14 (fecha, ccaa_id,media) VALUES ('20-11-2020',2,393 );
INSERT INTO ia7 (fecha, ccaa_id,media) VALUES ('20-11-2020',2,93 );
INSERT INTO muertos (fecha,ccaa_id,numero)VALUES ('20-11-2020',2,45 );
INSERT INTO casos (fecha,ccaa_id,numero)VALUES ('20-11-2020',2,832 );
INSERT INTO ia14 (fecha, ccaa_id,media) VALUES ('19-11-2020',2,420 );
INSERT INTO ia7 (fecha, ccaa_id,media) VALUES ('19-11-2020',2,56 );
INSERT INTO muertos (fecha,ccaa_id,numero)VALUES ('19-11-2020',2,24 );
INSERT INTO casos (fecha,ccaa_id,numero)VALUES ('19-11-2020',2,959 );
INSERT INTO ia14 (fecha, ccaa_id,media) VALUES ('18-11-2020',2,450 );
INSERT INTO ia7 (fecha, ccaa_id,media) VALUES ('18-11-2020',2,91 );
INSERT INTO muertos (fecha,ccaa_id,numero)VALUES ('18-11-2020',2,16 );
INSERT INTO casos (fecha,ccaa_id,numero)VALUES ('18-11-2020',2,1142 );
INSERT INTO ia14 (fecha, ccaa_id,media) VALUES ('17-11-2020',2,490 );
INSERT INTO ia7 (fecha, ccaa_id,media) VALUES ('17-11-2020',2,64 );
INSERT INTO muertos (fecha,ccaa_id,numero)VALUES ('17-11-2020',2,28 );
INSERT INTO casos (fecha,ccaa_id,numero)VALUES ('17-11-2020',2,1407 );
INSERT INTO ia14 (fecha, ccaa_id,media) VALUES ('16-11-2020',2,529 );
INSERT INTO ia7 (fecha, ccaa_id,media) VALUES ('16-11-2020',2,65 );
INSERT INTO muertos (fecha,ccaa_id,numero)VALUES ('16-11-2020',2,20 );
INSERT INTO casos (fecha,ccaa_id,numero)VALUES ('16-11-2020',2,359 );
INSERT INTO ia14 (fecha, ccaa_id,media) VALUES ('13-11-2020',2,574 );
INSERT INTO ia7 (fecha, ccaa_id,media) VALUES ('13-11-2020',2,19 );
INSERT INTO muertos (fecha,ccaa_id,numero)VALUES ('13-11-2020',2,22 );
INSERT INTO casos (fecha,ccaa_id,numero)VALUES ('13-11-2020',2,1208 );
INSERT INTO ia14 (fecha, ccaa_id,media) VALUES ('12-11-2020',2,589 );
INSERT INTO ia7 (fecha, ccaa_id,media) VALUES ('12-11-2020',2,8 );
INSERT INTO muertos (fecha,ccaa_id,numero)VALUES ('12-11-2020',2,29 );
INSERT INTO casos (fecha,ccaa_id,numero)VALUES ('12-11-2020',2,221 );
INSERT INTO ia14 (fecha, ccaa_id,media) VALUES ('11-11-2020',2,642 );
INSERT INTO ia7 (fecha, ccaa_id,media) VALUES ('11-11-2020',2,13 );
INSERT INTO muertos (fecha,ccaa_id,numero)VALUES ('11-11-2020',2,12 );
INSERT INTO casos (fecha,ccaa_id,numero)VALUES ('11-11-2020',2,1458 );
INSERT INTO ia14 (fecha, ccaa_id,media) VALUES ('10-11-2020',2,678 );
INSERT INTO ia7 (fecha, ccaa_id,media) VALUES ('10-11-2020',2,44 );
INSERT INTO muertos (fecha,ccaa_id,numero)VALUES ('10-11-2020',2,27 );
INSERT INTO casos (fecha,ccaa_id,numero)VALUES ('10-11-2020',2,1914 );
INSERT INTO ia14 (fecha, ccaa_id,media) VALUES ('09-11-2020',2,711 );
INSERT INTO ia7 (fecha, ccaa_id,media) VALUES ('09-11-2020',2,22 );
INSERT INTO muertos (fecha,ccaa_id,numero)VALUES ('09-11-2020',2,47 );
INSERT INTO casos (fecha,ccaa_id,numero)VALUES ('09-11-2020',2,540 );
INSERT INTO ia14 (fecha, ccaa_id,media) VALUES ('06-11-2020',2,720 );
INSERT INTO ia7 (fecha, ccaa_id,media) VALUES ('06-11-2020',2,20 );
INSERT INTO muertos (fecha,ccaa_id,numero)VALUES ('06-11-2020',2,78 );
INSERT INTO casos (fecha,ccaa_id,numero)VALUES ('06-11-2020',2,885 );
INSERT INTO ia14 (fecha, ccaa_id,media) VALUES ('05-11-2020',2,742 );
INSERT INTO ia7 (fecha, ccaa_id,media) VALUES ('05-11-2020',2,42 );
INSERT INTO muertos (fecha,ccaa_id,numero)VALUES ('05-11-2020',2,74 );
INSERT INTO casos (fecha,ccaa_id,numero)VALUES ('05-11-2020',2,1238 );
INSERT INTO ia14 (fecha, ccaa_id,media) VALUES ('04-11-2020',2,752 );
INSERT INTO ia7 (fecha, ccaa_id,media) VALUES ('04-11-2020',2,54 );
INSERT INTO muertos (fecha,ccaa_id,numero)VALUES ('04-11-2020',2,1037 );
INSERT INTO casos (fecha,ccaa_id,numero)VALUES ('04-11-2020',2,1619 );
INSERT INTO ia14 (fecha, ccaa_id,media) VALUES ('03-11-2020',2,748 );
INSERT INTO ia7 (fecha, ccaa_id,media) VALUES ('03-11-2020',2,83 );
INSERT INTO muertos (fecha,ccaa_id,numero)VALUES ('03-11-2020',2,35 );
INSERT INTO casos (fecha,ccaa_id,numero)VALUES ('03-11-2020',2,531 );
INSERT INTO ia14 (fecha, ccaa_id,media) VALUES ('02-11-2020',2,726 );
INSERT INTO ia7 (fecha, ccaa_id,media) VALUES ('02-11-2020',2,70 );
INSERT INTO muertos (fecha,ccaa_id,numero)VALUES ('02-11-2020',2,10 );
INSERT INTO casos (fecha,ccaa_id,numero)VALUES ('02-11-2020',2, );
INSERT INTO ia14 (fecha, ccaa_id,media) VALUES ('30-10-2020',2,699 );
INSERT INTO ia7 (fecha, ccaa_id,media) VALUES ('30-10-2020',2,84 );
INSERT INTO muertos (fecha,ccaa_id,numero)VALUES ('30-10-2020',2,14 );
INSERT INTO casos (fecha,ccaa_id,numero)VALUES ('30-10-2020',2,1578 );
INSERT INTO ia14 (fecha, ccaa_id,media) VALUES ('29-10-2020',2,680 );
INSERT INTO ia7 (fecha, ccaa_id,media) VALUES ('29-10-2020',2,55 );
INSERT INTO muertos (fecha,ccaa_id,numero)VALUES ('29-10-2020',2,5 );
INSERT INTO casos (fecha,ccaa_id,numero)VALUES ('29-10-2020',2,1707 );
INSERT INTO ia14 (fecha, ccaa_id,media) VALUES ('28-10-2020',2,656 );
INSERT INTO ia7 (fecha, ccaa_id,media) VALUES ('28-10-2020',2,92 );
INSERT INTO muertos (fecha,ccaa_id,numero)VALUES ('28-10-2020',2,4 );
INSERT INTO casos (fecha,ccaa_id,numero)VALUES ('28-10-2020',2,1522 );
INSERT INTO ia14 (fecha, ccaa_id,media) VALUES ('27-10-2020',2,629 );
INSERT INTO ia7 (fecha, ccaa_id,media) VALUES ('27-10-2020',2,32 );
INSERT INTO muertos (fecha,ccaa_id,numero)VALUES ('27-10-2020',2,7 );
INSERT INTO casos (fecha,ccaa_id,numero)VALUES ('27-10-2020',2,1715 );
INSERT INTO ia14 (fecha, ccaa_id,media) VALUES ('26-10-2020',2,584 );
INSERT INTO ia7 (fecha, ccaa_id,media) VALUES ('26-10-2020',2,95 );
INSERT INTO muertos (fecha,ccaa_id,numero)VALUES ('26-10-2020',2,1 );
INSERT INTO casos (fecha,ccaa_id,numero)VALUES ('26-10-2020',2,633 );
INSERT INTO ia14 (fecha, ccaa_id,media) VALUES ('23-10-2020',2,447 );
INSERT INTO ia7 (fecha, ccaa_id,media) VALUES ('23-10-2020',2,73 );
INSERT INTO muertos (fecha,ccaa_id,numero)VALUES ('23-10-2020',2,2 );
INSERT INTO casos (fecha,ccaa_id,numero)VALUES ('23-10-2020',2,888 );
INSERT INTO ia14 (fecha, ccaa_id,media) VALUES ('22-10-2020',2,429 );
INSERT INTO ia7 (fecha, ccaa_id,media) VALUES ('22-10-2020',2,66 );
INSERT INTO muertos (fecha,ccaa_id,numero)VALUES ('22-10-2020',2,31 );
INSERT INTO casos (fecha,ccaa_id,numero)VALUES ('22-10-2020',2,459 );
INSERT INTO ia14 (fecha, ccaa_id,media) VALUES ('21-10-2020',2,401 );
INSERT INTO ia7 (fecha, ccaa_id,media) VALUES ('21-10-2020',2,10 );
INSERT INTO muertos (fecha,ccaa_id,numero)VALUES ('21-10-2020',2,8 );
INSERT INTO casos (fecha,ccaa_id,numero)VALUES ('21-10-2020',2,615 );
INSERT INTO ia14 (fecha, ccaa_id,media) VALUES ('20-10-2020',2,374 );
INSERT INTO ia7 (fecha, ccaa_id,media) VALUES ('20-10-2020',2,22 );
INSERT INTO muertos (fecha,ccaa_id,numero)VALUES ('20-10-2020',2,6 );
INSERT INTO casos (fecha,ccaa_id,numero)VALUES ('20-10-2020',2,330 );
INSERT INTO ia14 (fecha, ccaa_id,media) VALUES ('19-10-2020',2,360 );
INSERT INTO ia7 (fecha, ccaa_id,media) VALUES ('19-10-2020',2,29 );
INSERT INTO muertos (fecha,ccaa_id,numero)VALUES ('19-10-2020',2,4 );
INSERT INTO casos (fecha,ccaa_id,numero)VALUES ('19-10-2020',2,218 );
INSERT INTO ia14 (fecha, ccaa_id,media) VALUES ('16-10-2020',2,288 );
INSERT INTO ia7 (fecha, ccaa_id,media) VALUES ('16-10-2020',2,14 );
INSERT INTO muertos (fecha,ccaa_id,numero)VALUES ('16-10-2020',2,14 );
INSERT INTO casos (fecha,ccaa_id,numero)VALUES ('16-10-2020',2,275 );
INSERT INTO ia14 (fecha, ccaa_id,media) VALUES ('15-10-2020',2,272 );
INSERT INTO ia7 (fecha, ccaa_id,media) VALUES ('15-10-2020',2,23 );
INSERT INTO muertos (fecha,ccaa_id,numero)VALUES ('15-10-2020',2,5 );
INSERT INTO casos (fecha,ccaa_id,numero)VALUES ('15-10-2020',2,313 );
INSERT INTO ia14 (fecha, ccaa_id,media) VALUES ('14-10-2020',2,263 );
INSERT INTO ia7 (fecha, ccaa_id,media) VALUES ('14-10-2020',2,43 );
INSERT INTO muertos (fecha,ccaa_id,numero)VALUES ('14-10-2020',2,7 );
INSERT INTO casos (fecha,ccaa_id,numero)VALUES ('14-10-2020',2,321 );
INSERT INTO ia14 (fecha, ccaa_id,media) VALUES ('13-10-2020',2,263 );
INSERT INTO ia7 (fecha, ccaa_id,media) VALUES ('13-10-2020',2,3 );
INSERT INTO muertos (fecha,ccaa_id,numero)VALUES ('13-10-2020',2,0 );
INSERT INTO casos (fecha,ccaa_id,numero)VALUES ('13-10-2020',2,165 );
INSERT INTO ia14 (fecha, ccaa_id,media) VALUES ('12-10-2020',2,262 );
INSERT INTO ia7 (fecha, ccaa_id,media) VALUES ('12-10-2020',2,98 );
INSERT INTO muertos (fecha,ccaa_id,numero)VALUES ('12-10-2020',2,8 );
INSERT INTO casos (fecha,ccaa_id,numero)VALUES ('12-10-2020',2,195 );
INSERT INTO ia14 (fecha, ccaa_id,media) VALUES ('09-10-2020',2,211 );
INSERT INTO ia7 (fecha, ccaa_id,media) VALUES ('09-10-2020',2,80 );
INSERT INTO muertos (fecha,ccaa_id,numero)VALUES ('09-10-2020',2,10 );
INSERT INTO casos (fecha,ccaa_id,numero)VALUES ('09-10-2020',2,240 );
INSERT INTO ia14 (fecha, ccaa_id,media) VALUES ('08-10-2020',2,194 );
INSERT INTO ia7 (fecha, ccaa_id,media) VALUES ('08-10-2020',2,68 );
INSERT INTO muertos (fecha,ccaa_id,numero)VALUES ('08-10-2020',2,4 );
INSERT INTO casos (fecha,ccaa_id,numero)VALUES ('08-10-2020',2,179 );
INSERT INTO ia14 (fecha, ccaa_id,media) VALUES ('07-10-2020',2,190 );
INSERT INTO ia7 (fecha, ccaa_id,media) VALUES ('07-10-2020',2,51 );
INSERT INTO muertos (fecha,ccaa_id,numero)VALUES ('07-10-2020',2,3 );
INSERT INTO casos (fecha,ccaa_id,numero)VALUES ('07-10-2020',2,198 );
INSERT INTO ia14 (fecha, ccaa_id,media) VALUES ('06-10-2020',2,187 );
INSERT INTO ia7 (fecha, ccaa_id,media) VALUES ('06-10-2020',2,16 );
INSERT INTO muertos (fecha,ccaa_id,numero)VALUES ('06-10-2020',2,5 );
INSERT INTO casos (fecha,ccaa_id,numero)VALUES ('06-10-2020',2,152 );
INSERT INTO ia14 (fecha, ccaa_id,media) VALUES ('05-10-2020',2,191 );
INSERT INTO ia7 (fecha, ccaa_id,media) VALUES ('05-10-2020',2,96 );
INSERT INTO muertos (fecha,ccaa_id,numero)VALUES ('05-10-2020',2,2 );
INSERT INTO casos (fecha,ccaa_id,numero)VALUES ('05-10-2020',2,121 );
INSERT INTO ia14 (fecha, ccaa_id,media) VALUES ('02-10-2020',2,156 );
INSERT INTO ia7 (fecha, ccaa_id,media) VALUES ('02-10-2020',2,58 );
INSERT INTO muertos (fecha,ccaa_id,numero)VALUES ('02-10-2020',2,4 );
INSERT INTO casos (fecha,ccaa_id,numero)VALUES ('02-10-2020',2,153 );
INSERT INTO ia14 (fecha, ccaa_id,media) VALUES ('01-10-2020',2,144 );
INSERT INTO ia7 (fecha, ccaa_id,media) VALUES ('01-10-2020',2,80 );
INSERT INTO muertos (fecha,ccaa_id,numero)VALUES ('01-10-2020',2,9 );
INSERT INTO casos (fecha,ccaa_id,numero)VALUES ('01-10-2020',2,50 );
INSERT INTO ia14 (fecha, ccaa_id,media) VALUES ('30-09-2020',2,158 );
INSERT INTO ia7 (fecha, ccaa_id,media) VALUES ('30-09-2020',2,3 );
INSERT INTO muertos (fecha,ccaa_id,numero)VALUES ('30-09-2020',2,1 );
INSERT INTO casos (fecha,ccaa_id,numero)VALUES ('30-09-2020',2,162 );
INSERT INTO ia14 (fecha, ccaa_id,media) VALUES ('29-09-2020',2,164 );
INSERT INTO ia7 (fecha, ccaa_id,media) VALUES ('29-09-2020',2,37 );
INSERT INTO muertos (fecha,ccaa_id,numero)VALUES ('29-09-2020',2,2 );
INSERT INTO casos (fecha,ccaa_id,numero)VALUES ('29-09-2020',2,134 );
INSERT INTO ia14 (fecha, ccaa_id,media) VALUES ('28-09-2020',2,171 );
INSERT INTO ia7 (fecha, ccaa_id,media) VALUES ('28-09-2020',2,41 );
INSERT INTO muertos (fecha,ccaa_id,numero)VALUES ('28-09-2020',2,6 );
INSERT INTO casos (fecha,ccaa_id,numero)VALUES ('28-09-2020',2,89 );
INSERT INTO ia14 (fecha, ccaa_id,media) VALUES ('25-09-2020',2,150 );
INSERT INTO ia7 (fecha, ccaa_id,media) VALUES ('25-09-2020',2,46 );
INSERT INTO muertos (fecha,ccaa_id,numero)VALUES ('25-09-2020',2,5 );
INSERT INTO casos (fecha,ccaa_id,numero)VALUES ('25-09-2020',2,68 );
INSERT INTO ia14 (fecha, ccaa_id,media) VALUES ('24-09-2020',2,160 );
INSERT INTO ia7 (fecha, ccaa_id,media) VALUES ('24-09-2020',2,41 );
INSERT INTO muertos (fecha,ccaa_id,numero)VALUES ('24-09-2020',2,1 );
INSERT INTO casos (fecha,ccaa_id,numero)VALUES ('24-09-2020',2,131 );
INSERT INTO ia14 (fecha, ccaa_id,media) VALUES ('23-09-2020',2,162 );
INSERT INTO ia7 (fecha, ccaa_id,media) VALUES ('23-09-2020',2,7 );
INSERT INTO muertos (fecha,ccaa_id,numero)VALUES ('23-09-2020',2,15 );
INSERT INTO casos (fecha,ccaa_id,numero)VALUES ('23-09-2020',2,146 );
INSERT INTO ia14 (fecha, ccaa_id,media) VALUES ('22-09-2020',2,164 );
INSERT INTO ia7 (fecha, ccaa_id,media) VALUES ('22-09-2020',2,66 );
INSERT INTO muertos (fecha,ccaa_id,numero)VALUES ('22-09-2020',2,6 );
INSERT INTO casos (fecha,ccaa_id,numero)VALUES ('22-09-2020',2,125 );
INSERT INTO ia14 (fecha, ccaa_id,media) VALUES ('21-09-2020',2,169 );
INSERT INTO ia7 (fecha, ccaa_id,media) VALUES ('21-09-2020',2,8 );
INSERT INTO muertos (fecha,ccaa_id,numero)VALUES ('21-09-2020',2,-3 );
INSERT INTO casos (fecha,ccaa_id,numero)VALUES ('21-09-2020',2,127 );
INSERT INTO ia14 (fecha, ccaa_id,media) VALUES ('18-09-2020',2,160 );
INSERT INTO ia7 (fecha, ccaa_id,media) VALUES ('18-09-2020',2,18 );
INSERT INTO muertos (fecha,ccaa_id,numero)VALUES ('18-09-2020',2,-2 );
INSERT INTO casos (fecha,ccaa_id,numero)VALUES ('18-09-2020',2,183 );
INSERT INTO ia14 (fecha, ccaa_id,media) VALUES ('17-09-2020',2,158 );
INSERT INTO ia7 (fecha, ccaa_id,media) VALUES ('17-09-2020',2,89 );
INSERT INTO muertos (fecha,ccaa_id,numero)VALUES ('17-09-2020',2,0 );
INSERT INTO casos (fecha,ccaa_id,numero)VALUES ('17-09-2020',2,110 );
INSERT INTO ia14 (fecha, ccaa_id,media) VALUES ('16-09-2020',2,156 );
INSERT INTO ia7 (fecha, ccaa_id,media) VALUES ('16-09-2020',2,91 );
INSERT INTO muertos (fecha,ccaa_id,numero)VALUES ('16-09-2020',2,2 );
INSERT INTO casos (fecha,ccaa_id,numero)VALUES ('16-09-2020',2,214 );
INSERT INTO ia14 (fecha, ccaa_id,media) VALUES ('15-09-2020',2,137 );
INSERT INTO ia7 (fecha, ccaa_id,media) VALUES ('15-09-2020',2,96 );
INSERT INTO muertos (fecha,ccaa_id,numero)VALUES ('15-09-2020',2,0 );
INSERT INTO casos (fecha,ccaa_id,numero)VALUES ('15-09-2020',2,0 );
INSERT INTO ia14 (fecha, ccaa_id,media) VALUES ('14-09-2020',2,152 );
INSERT INTO ia7 (fecha, ccaa_id,media) VALUES ('14-09-2020',2,78 );
INSERT INTO muertos (fecha,ccaa_id,numero)VALUES ('14-09-2020',2,-3 );
INSERT INTO casos (fecha,ccaa_id,numero)VALUES ('14-09-2020',2,1 );
INSERT INTO ia14 (fecha, ccaa_id,media) VALUES ('11-09-2020',2,168 );
INSERT INTO ia7 (fecha, ccaa_id,media) VALUES ('11-09-2020',2,99 );
INSERT INTO muertos (fecha,ccaa_id,numero)VALUES ('11-09-2020',2,5 );
INSERT INTO casos (fecha,ccaa_id,numero)VALUES ('11-09-2020',2,198 );
INSERT INTO ia14 (fecha, ccaa_id,media) VALUES ('10-09-2020',2,170 );
INSERT INTO ia7 (fecha, ccaa_id,media) VALUES ('10-09-2020',2,5 );
INSERT INTO muertos (fecha,ccaa_id,numero)VALUES ('10-09-2020',2,-1 );
INSERT INTO casos (fecha,ccaa_id,numero)VALUES ('10-09-2020',2,115 );
INSERT INTO ia14 (fecha, ccaa_id,media) VALUES ('09-09-2020',2,173 );
INSERT INTO ia7 (fecha, ccaa_id,media) VALUES ('09-09-2020',2,48 );
INSERT INTO muertos (fecha,ccaa_id,numero)VALUES ('09-09-2020',2,-2 );
INSERT INTO casos (fecha,ccaa_id,numero)VALUES ('09-09-2020',2,93 );
INSERT INTO ia14 (fecha, ccaa_id,media) VALUES ('08-09-2020',2,180 );
INSERT INTO ia7 (fecha, ccaa_id,media) VALUES ('08-09-2020',2,76 );
INSERT INTO muertos (fecha,ccaa_id,numero)VALUES ('08-09-2020',2,-2 );
INSERT INTO casos (fecha,ccaa_id,numero)VALUES ('08-09-2020',2,147 );
INSERT INTO ia14 (fecha, ccaa_id,media) VALUES ('07-09-2020',2,186 );
INSERT INTO ia7 (fecha, ccaa_id,media) VALUES ('07-09-2020',2,39 );
INSERT INTO muertos (fecha,ccaa_id,numero)VALUES ('07-09-2020',2,0 );
INSERT INTO casos (fecha,ccaa_id,numero)VALUES ('07-09-2020',2,87 );
INSERT INTO ia14 (fecha, ccaa_id,media) VALUES ('04-09-2020',2,176 );
INSERT INTO ia7 (fecha, ccaa_id,media) VALUES ('04-09-2020',2,15 );
INSERT INTO muertos (fecha,ccaa_id,numero)VALUES ('04-09-2020',2,-1 );
INSERT INTO casos (fecha,ccaa_id,numero)VALUES ('04-09-2020',2,160 );
INSERT INTO ia14 (fecha, ccaa_id,media) VALUES ('03-09-2020',2,175 );
INSERT INTO ia7 (fecha, ccaa_id,media) VALUES ('03-09-2020',2,20 );
INSERT INTO muertos (fecha,ccaa_id,numero)VALUES ('03-09-2020',2,0 );
INSERT INTO casos (fecha,ccaa_id,numero)VALUES ('03-09-2020',2,113 );
INSERT INTO ia14 (fecha, ccaa_id,media) VALUES ('02-09-2020',2,174 );
INSERT INTO ia7 (fecha, ccaa_id,media) VALUES ('02-09-2020',2,30 );
INSERT INTO muertos (fecha,ccaa_id,numero)VALUES ('02-09-2020',2,6 );
INSERT INTO casos (fecha,ccaa_id,numero)VALUES ('02-09-2020',2,87 );
INSERT INTO ia14 (fecha, ccaa_id,media) VALUES ('01-09-2020',2,179 );
INSERT INTO ia7 (fecha, ccaa_id,media) VALUES ('01-09-2020',2,64 );
INSERT INTO muertos (fecha,ccaa_id,numero)VALUES ('01-09-2020',2,0 );
INSERT INTO casos (fecha,ccaa_id,numero)VALUES ('01-09-2020',2,142 );
INSERT INTO ia14 (fecha, ccaa_id,media) VALUES ('31-08-2020',2,184 );
INSERT INTO ia7 (fecha, ccaa_id,media) VALUES ('31-08-2020',2,7 );
INSERT INTO muertos (fecha,ccaa_id,numero)VALUES ('31-08-2020',2,-1 );
INSERT INTO casos (fecha,ccaa_id,numero)VALUES ('31-08-2020',2,67 );
INSERT INTO ia14 (fecha, ccaa_id,media) VALUES ('28-08-2020',2,170 );
INSERT INTO ia7 (fecha, ccaa_id,media) VALUES ('28-08-2020',2,85 );
INSERT INTO muertos (fecha,ccaa_id,numero)VALUES ('28-08-2020',2,-3 );
INSERT INTO casos (fecha,ccaa_id,numero)VALUES ('28-08-2020',2,141 );
INSERT INTO ia14 (fecha, ccaa_id,media) VALUES ('27-08-2020',2,167 );
INSERT INTO ia7 (fecha, ccaa_id,media) VALUES ('27-08-2020',2,14 );
INSERT INTO muertos (fecha,ccaa_id,numero)VALUES ('27-08-2020',2,-1 );
INSERT INTO casos (fecha,ccaa_id,numero)VALUES ('27-08-2020',2,164 );
INSERT INTO ia14 (fecha, ccaa_id,media) VALUES ('26-08-2020',2,164 );
INSERT INTO ia7 (fecha, ccaa_id,media) VALUES ('26-08-2020',2,23 );
INSERT INTO muertos (fecha,ccaa_id,numero)VALUES ('26-08-2020',2,5 );
INSERT INTO casos (fecha,ccaa_id,numero)VALUES ('26-08-2020',2,165 );
INSERT INTO ia14 (fecha, ccaa_id,media) VALUES ('25-08-2020',2,164 );
INSERT INTO ia7 (fecha, ccaa_id,media) VALUES ('25-08-2020',2,7 );
INSERT INTO muertos (fecha,ccaa_id,numero)VALUES ('25-08-2020',2,-3 );
INSERT INTO casos (fecha,ccaa_id,numero)VALUES ('25-08-2020',2,153 );
INSERT INTO ia14 (fecha, ccaa_id,media) VALUES ('24-08-2020',2,166 );
INSERT INTO ia7 (fecha, ccaa_id,media) VALUES ('24-08-2020',2,86 );
INSERT INTO muertos (fecha,ccaa_id,numero)VALUES ('24-08-2020',2,-4 );
INSERT INTO casos (fecha,ccaa_id,numero)VALUES ('24-08-2020',2,84 );
INSERT INTO ia14 (fecha, ccaa_id,media) VALUES ('21-08-2020',2,147 );
INSERT INTO ia7 (fecha, ccaa_id,media) VALUES ('21-08-2020',2,85 );
INSERT INTO muertos (fecha,ccaa_id,numero)VALUES ('21-08-2020',2,0 );
INSERT INTO casos (fecha,ccaa_id,numero)VALUES ('21-08-2020',2,172 );
INSERT INTO ia14 (fecha, ccaa_id,media) VALUES ('20-08-2020',2,144 );
INSERT INTO ia7 (fecha, ccaa_id,media) VALUES ('20-08-2020',2,69 );
INSERT INTO muertos (fecha,ccaa_id,numero)VALUES ('20-08-2020',2,2 );
INSERT INTO casos (fecha,ccaa_id,numero)VALUES ('20-08-2020',2,180 );
